,AAs,MSs
0,R,156.101111
1,E,129.042594
2,L,113.08406399999998
3,E,129.042594
4,E,129.042594
5,L,113.08406399999998
6,N,114.042928
7,V,99.068414
8,P,97.052764
9,G,57.021464
10,E,129.042594
11,I,113.08406399999998
12,V,99.068414
13,E,129.042594
14,S,87.03202900000001
15,L,113.08406399999998
16,S,87.03202900000001
17,S,87.03202900000001
18,S,87.03202900000001
19,E,129.042594
20,E,129.042594
21,S,87.03202900000001
22,I,113.08406399999998
23,T,101.047679
24,R,156.101111
25,I,113.08406399999998
26,N,114.042928
27,K,128.09496299999998
28,K,128.09496299999998
29,I,113.08406399999998
30,E,129.042594
31,K,128.09496299999998
32,F,147.068414
33,Q,128.058578
34,S,87.03202900000001
35,E,129.042594
36,E,129.042594
37,Q,128.058578
38,Q,128.058578
39,Q,128.058578
40,T,101.047679
41,E,129.042594
42,D,115.026944
43,E,129.042594
44,L,113.08406399999998
45,Q,128.058578
46,D,115.026944
47,K,128.09496299999998
48,I,113.08406399999998
49,H,137.05891200000002
50,P,97.052764
51,F,147.068414
52,A,71.037114
53,Q,128.058578
54,T,101.047679
55,Q,128.058578
56,S,87.03202900000001
57,L,113.08406399999998
58,V,99.068414
59,Y,163.063329
60,P,97.052764
61,F,147.068414
62,P,97.052764
63,G,57.021464
64,P,97.052764
65,I,113.08406399999998
66,P,97.052764
67,N,114.042928
68,S,87.03202900000001
69,L,113.08406399999998
70,P,97.052764
71,Q,128.058578
72,N,114.042928
73,I,113.08406399999998
74,P,97.052764
75,P,97.052764
76,L,113.08406399999998
77,T,101.047679
78,Q,128.058578
79,T,101.047679
80,P,97.052764
81,V,99.068414
82,V,99.068414
83,V,99.068414
84,P,97.052764
85,P,97.052764
86,F,147.068414
87,L,113.08406399999998
88,Q,128.058578
89,P,97.052764
90,E,129.042594
91,V,99.068414
92,M,131.04048500000002
93,G,57.021464
94,V,99.068414
95,S,87.03202900000001
96,K,128.09496299999998
97,V,99.068414
98,K,128.09496299999998
99,E,129.042594
100,A,71.037114
101,M,131.04048500000002
102,A,71.037114
103,P,97.052764
104,K,128.09496299999998
105,H,137.05891200000002
106,K,128.09496299999998
107,E,129.042594
108,M,131.04048500000002
109,P,97.052764
110,F,147.068414
111,P,97.052764
112,K,128.09496299999998
113,Y,163.063329
114,P,97.052764
115,V,99.068414
116,E,129.042594
117,P,97.052764
118,F,147.068414
119,T,101.047679
120,E,129.042594
121,S,87.03202900000001
122,Q,128.058578
123,S,87.03202900000001
124,L,113.08406399999998
125,T,101.047679
126,L,113.08406399999998
127,T,101.047679
128,D,115.026944
129,V,99.068414
130,E,129.042594
131,N,114.042928
132,L,113.08406399999998
133,H,137.05891200000002
134,L,113.08406399999998
135,P,97.052764
136,L,113.08406399999998
137,P,97.052764
138,L,113.08406399999998
139,L,113.08406399999998
140,Q,128.058578
141,S,87.03202900000001
142,W,186.07931299999998
143,M,131.04048500000002
144,H,137.05891200000002
145,Q,128.058578
146,P,97.052764
147,H,137.05891200000002
148,Q,128.058578
149,P,97.052764
150,L,113.08406399999998
151,P,97.052764
152,P,97.052764
153,T,101.047679
154,V,99.068414
155,M,131.04048500000002
156,F,147.068414
157,P,97.052764
158,P,97.052764
159,Q,128.058578
160,S,87.03202900000001
161,V,99.068414
162,L,113.08406399999998
163,S,87.03202900000001
164,L,113.08406399999998
165,S,87.03202900000001
166,Q,128.058578
167,S,87.03202900000001
168,K,128.09496299999998
169,V,99.068414
170,L,113.08406399999998
171,P,97.052764
172,V,99.068414
173,P,97.052764
174,Q,128.058578
175,K,128.09496299999998
176,A,71.037114
177,V,99.068414
178,P,97.052764
179,Y,163.063329
180,P,97.052764
181,Q,128.058578
182,R,156.101111
183,D,115.026944
184,M,131.04048500000002
185,P,97.052764
186,I,113.08406399999998
187,Q,128.058578
188,A,71.037114
189,F,147.068414
190,L,113.08406399999998
191,L,113.08406399999998
192,Y,163.063329
193,Q,128.058578
194,E,129.042594
195,P,97.052764
196,V,99.068414
197,L,113.08406399999998
198,G,57.021464
199,P,97.052764
200,V,99.068414
201,R,156.101111
202,G,57.021464
203,P,97.052764
204,F,147.068414
205,P,97.052764
206,I,113.08406399999998
207,I,113.08406399999998
208,V,99.068414
